"mandamento s. m. nawu (wu-mt) (plural: milawu/minawu), xiyieniso, xileleto."
"mandante adj. 2 gen. & s. 2 gen. mulérisi, muleleti, murhumi (mu-va)."
"mandar 1. v. t. a) (ordenar) kurhama, kulérisa, kuleleta. b) (exercer autoridade sobre) kufama, kuténga, kumanda v. t. (P). c) (enviar, expedir) kurhiméla. [mandar pelos correios]: kupdsa, kuposita (P) post. 2. v. pron. (fugir) kubangula, kunyémuka."
"mandatario s. m. murhimiwa, murhuméliwa, mukémbisi (vu-va)."
"mandato s. m. a) (procuratao, delegagao) vurhumiwa, vukombisi (vu) . b) (missao) ntirho (wa varhimiwa) (wu-mi) . c) (ordem, prescrigao) xilériso, xileleto (xi-svi) . d) (poder politico outorgado por meio de voto) mfimu wa kuvhétiwa (mu-mi) . e) (período de duragao de um mandato) nkarhi wa kufima; mfamiu (mu-mi)."
"mandíbula s. f. rihlaya (ri-ma) | xtblaya (xa-svi) | nblaya (yi-ti), nhhlathi (mu-mi)."
mandioca s. f. ntsumbula (mu-mi).
"mando s. m. (poder) kufima (ku), matimba (ma), pudéri (ri-ma) (P)."
mandrágora s. f. rhanga (ri-ma).
"mandrido adj. & s. m. -a kutihinda kititha loc. adj., lolo, lovha (ri-ma)."
"mandrice s. f. vulovha, vuldlohi (vu)."
maneio s. m. kutirhisa (ku).
"maneira s. f. a) (modo ou forma particular de agir) mayendléla, mamahéla (ma) . b) (costume, habito) mahanyéla, matshaméla (ma), ntshamelo, méya (mu), xihéna, xitdlovélo (xi-svi), mukhuwa (vu-mi) . c) (meio; modo, forma) ndlela, mpulana (yi-ti), thengu, ghinga (ri-ma)."
"maneiras s. f pl. (modos, trato) mahanyisanéla (ma)."
"maneiro adj. -a kunabzala, -a kutirhéka loc. adj."
manejar v. t. kutirhisa; kufama.
manes s. m. pl. svikwémbi (svi); mimoya ya vafa (mi).
"manga I s. f. (árvore) mangu (mu-mi); (fruto da mangueira) mange | mangi, manga (mu-mi). || [manga https://www.google.com/search?q=muito madura]: swa (ma)."
manga II s. f. a) (parte do vestuário) rivoko (ri-ma) . b) (qualquer peça de forma tubular que reveste ou protege outra) manga (ri-ma) (P).
"mangal s. m. tshongosi (ri-ma), tikhulu (ri-ti) (plural: tinkhulu) (R)."
"mangual s. m. (instrumento que serve para malhar cereais) xibo, xihulu (xi-svi)."
mangusto |
"manguço s. m. mancindhana (mu-va), mangovo | manghovd, manjhénge, manjhenghwe (mu-va), xitléwana (xi-svi), qhakidi (ri-ma), hanu (yi-ti). || [mangusto de cauda branca]: buwana (ri-ma), xigéngé (xi-svi). || [mangusto-anao, mangusto-negro]: mahlwe (mu-va)."
manguço-anao s. m. mahlwé (mu-va).
manguço-negro s. m. mahlwé (mu-va).
mangueira I s. f. (planta) mange | manga (mu-mi).
mangueira II s. f. (para condução de liquidos ou de ar) mhangéla | mangéra (yi-ti) (P).
mangusto |
"manguço s. m. mancindhana (mu-va), mangovo | manghovd, nyapsi, manjhenghwe (mu-va), xitléwana (xi-svi), qhakidi (ri-ma), hanu (yi-ti). || [mangusto de cauda branca]: bwana (ri-ma), xigéngé (xi-svi). || [mangusto-anao, mangusto-negro]: mahlwé (mu-va)."
"manha s. f. rhengi, ghinga (ri-ma), manu (ma), svixangu (svi)."
manhã s. f. mixo (mu-mi).
manhazinha s. f. mpundzu (mu-mi).
"manhoso adj. -a maqhinga, -a vuxisi; -a kukanganyisa, -a kukéngdnyisana loc. adj., muxisi, mukanganyisi (mu-va)."
"mania s. f. (mau habito) mukhiva wa kuhiha, mbhuli, (mu-mi), maniya (ma). || [manias]: (Moc.) (presunção, vaidade) vuhawu, vutaxu (vu), mantya (ma) (P)."
"maníaco 1. adj. a) (que sofre de mania(s)) -a rihuhé, -a kihlanya loc. adj. b) (excêntrico, extravagante) -a mintandha loc. adj. c) (Diz-se de indivíduo obstinado, obcecado por alguma coisa) -a kusikiséla, -a kuvabza |-a kuvágwa; -a kuwomeéléla, -a kunkó loc. adj. 2. s. m. nhlanyi (yi-ti)."
Manica s. prop. f. Manika (ku/mu-va).
"maniento adj. (Moc.) (presumido, convencido) -a kutibzéla, -a maniya, -a vuhawu, -a vitaxti loc. adj., delé (ri-ma), xitangwatungwa (xi-svi)."
"manietar v. t. a) kuboha (munhu) mavókó . b) (impedir os movimentos de) kukamanyéta . c) (privar da liberdade, constranger) kusindzisa, kupfita."
"manifestação s. f. kukombisa (ku), xikóémbiso (xi-svi)."
"manifestar 1. v. t. kukombisa. || [manifestar afeição um ao outro]: (através do sorriso, do modo de falar e de gestos afectuosos) kuhlekelana v. rec. 2. v. pron. a) (manifestar-se) kutikomba, kutikémbisa, kutimangala v. pron . b) (Rel.) (manifestar-se (um espírito) na mente ou no corpo de um medium) kuhima v. i."
"manifesto 1. s. m. tsalwanhlamuselo (ri-ma). 2. adj. a) (que se manifestou) -a kutikomba, -a kutikémbisé, -a kutimangala loc. adj.. b) (que fica exarado, consignado) -a kutsdliwa; -a kuviiliwa (hi nawu) loc. adj."
"manilha s. f. manilha (ri-ma) (P), ringi (ri-ma)."
"maningue adv. (Moc.) cite_start ngopfu, maningi adv."
"manipulação s. f. a) (manuseio) kutirhisa hi mavókó (ku) . b) (maquinação) kuhiringa (ku), xihiringi (xi-svi) . c) (controlo; domínio) kufama (ku)."
"manipular v. t. a) kutirhisa hi mavókó . b) (forjar, maquinar) kuhiringa . c) (controlar; dominar) kufama . d) (fazer funcionar; por em movimento) kufambisa; kugwelha."
manipulo s. m. xikhémó; xigwelho (xi-svi).
manivela s. f. xigwelho (xi-svi).
manivelar v. t. kugwelha.
"manjar 1. v. t. kuja|kudla, kuxawila, kuja mafanjara|kudla mafanjara v. t. 2. s. m. a) (qualquer substância alimentícia) svakuja|svakudla (svi) . b) (iguaria delicada e apetitosa) mafanjara, mafehlefehle (ma)."
"manjedoura s. f. xigdvolo, xijéló (xi-svi)."
"manobra s. f. a) (ação de fazer funcionar a mão um aparelho, maquina, etc.) kugwelha (ku) . b) (acto ou efeito de encaminhar ou governar com habilidade) kurhangéla, kulawula (ku), vurhangeli (vu) . c) (conjunto de acções ou movimentos para alcançar um fim desejado) rhengu, ghinga (ri-ma), manu (ma) . d) (acomodação de veículo em garagem ou vaga) mandobra (ma) (P) . e) (vaivéns de locomotivas, nas estações ferroviárias, para organizar os trens nas linhas convenientes) manobra (ma) (P)."
"manobrar v. t. a) (realizar manobra(s) com; fazer executar movimentos; accionar) kugwelha . b) (encaminhar ou governar com habilidade) kurhangéla, kulawula . c) (servir-se de artifícios em; praticar com astúcia) kutirhisa maghinga, kuba manobra. d) (acomodar veículo em garagem ou vaga) kamanobrara v. i. & t. (P) . e) (dirigir os vaivéns de locomotivas, nas estações ferroviárias, para organizar os trens nas linhas convenientes) kumanobrara v. t. (P) ."
manquejar v. i. kukhwita.
"mansão s. f. mungomé | mungomá (mu-mi), yindlo ya vaményéménye (yi-ti)."
mansidão s. f. vumbulwa (vu).
"manso adj. a) -a kurhula, -a kumiyéla loc. adj. . b) (Diz-se de pessoa pacata, pacifica) mbulwa (yi-ti)."
"manta s. f. mubali, nkumba (ri-mi), xifanéngélo (xi-svi), vholwe (ri-ma) | muvholve (mu-mi). || [pequena manta para bebés]: xibakwana (xi-svi). || [manta ordinária, reles, geralmente usada como albarda]: mugadambongolo (mu-mi), xigadambongolo (xi-svi). || [manta de tecido grosseiro]: xuka (ri-ma). || [manta de tecido espesso, com franjas]: nchali | nchalti (mu-mi) (A) sjaal. || [manta grosseira feita de pêlos de animais]: dzadza (ri-ma). || [manta rota e cogada]: dzungundza (ri-ma)."
"manteiga s. f. phehlwa (ri-ma), manténga | matéga (ma) (P), botela (ri-ma) (I) butter."
"manter 1. v. t. a) (prover do necessario à subsistência, sustentar) kujsa | kudlisá, kaphame-la . b) (observar, cumprir) kulandza . c) (conservar, guardar) kuhlayisa, kuvékisa. 2. v. pron. a) (alimentar-se, sustentar-se) kuja | kudla v. t. . b) (conservar-se, permanecer) kutshama v. i. . c) (resistir com êxito) kusikiséla, kusimama."
"mantilha s. f. xinchalana (xi-svi), nchali | nchali (mu-mi)."
mantimento s. m. svakuja | sudkudla (svi).
mantimentos s. m. pl. svakuja | sudkudla (svi).
"manto s. m. a) (capa de cauda e roda que se prende nos ombros) kapa (ri-ma) (P) . b) (escuridão, trevas) riphumé (ri) (sem plural); xinyama (xi) (sem plural) | wunyama (mu) (sem plural), vunyami (vu)."
manual 1. adj. 2 gen. a) (relativo a mao) -a voko loc. adj . b) (feito com as maos: que é manobrado ou accionado com as mãos) -a mavokó loc. adj. 2. s. m. a) (pequeno livro) xibukwana (xi-svi) . b) (Livro de instruções) xivoningelo (xi-svi) . c) (compêndio) bukujéndzó (ri-ma).
manufactura s. f. ntitho wa mavókó (mu-mi).
"manufacturar v. t. kukhandha hi mavokó, kuhamba hi mavókó, kumaka hi mavoko."
"manuscrito 1. s. m. (original de texto, mesmo que mecanografado) tsalwa (ri-ma). 2. adj. (escrito à mao) -a kutsdliwa hi voko loc. adj."
"manuseamento s. m. kutirhisa (ku), ntirhiso (mu-mi)."
manusear v. t. kutirhisa hi mavokó; kutirhisa.
manuseio s. m. kutirhisa hi mavokó; kutirhisa (ku).
"manutenção s. f. a) (acto ou efeito de manter) kuhlayisa, kuvékisa (ku) . b) (acto ou efeito de manter-se) kutshama (ku) . c) (cuidados técnicos indispensáveis ao funcionamento regular e permanente de motores e maquinas) Vahlayisi (vu)."
"mao s. f. a) (segmento terminal de cada membro superior) vókó (ri-ma). || [mao direita]: xinéné, xijó (xi-svi). || [mao esquerda]: ximatsi, xibaba (xi-svi). || [palma da mao]: xiyandla, xihahasi (xi-svi). || [costas da mao]: ripambati (ri-ma). || [maos]: mandla (ma) . b) (cada uma das extremidades dos membros superiores dos quadrimanos) vókó (ri-ma) . c) (cada uma das extremidades dos membros dos quadrúpedes) sóndzó (ri-ma) . d) (extremidade, depois de cortada, de qualquer membro das reses) n’qina (ri-ma) . e) (garra de algumas aves) rivala | rivula (mu-mi) . f) (poder, autoridade) matimba, mandla (ma), ntamu (mu-mi) . g) (habilidade, destreza) vókó (ri), xivókó (xi) . h) (de mão) mupendo, ntoto, mubo (mu-mi) . i) (gavinha) ntiyi (mu-mi) . j) (lanço completo de jogo de cartas) khambi (ri-ma), lansu (ri-ma) (P)."
"maometano | muçulmano 1. adj. -a xisirimana loc. adj. 2. s. m. a) (indivíduo muçulmano) musurumana (mu-va) (plural valorativo: masurumana) . b) (usos e costumes maometanos) xisurumana (xi) (sem plural) . c) (a maneira, o modo, a qualidade dos maometanos) vusurumana (vu)."
"maometismo | muçulmanismo s. m. (religião fundada por Maomé; doutrina dessa religiao) vusurumana (vu), xisurumana (xi) (sem plural)."
mapa s. m. (carta geografica) mapa (mu-mi) (P).
"mapandzar v. t. (Moc.) (fazer farra; debochar) kumapandza, kumadavula."
mapfilua s. f. (Moc.) (o fruto da mpfilva) pfilwa (ri-ma).
"mapira s. f. (Moc.) cite_start phila | hila (ri-ma). || [variedades de mapira]: mphohó (mu-mi), tihokwe (ri-ti), xihokwana, xikémbé (xi-svi). || (cana verde de mapira) timba (ri-ma)."
"mapsele s. f. (Moc.) (matrona, mulher de certa idade e com ar grave e serio) mapséle (mu-va), mpsatsi (yi-ti)."
Maputo s. prop. m. Maputsu (ku/mu-va).
maquiar |
"maquilar, maquilhar 1. v. t. kupendapenda, kutotatota, kuphema. 2. v. i. & pron. kutipéndapénda, kutitotatota, kutiphéma v. pron."
maquilar |
"maquiar, maquilhar 1. v. t. kupendapenda, kutotatota, kuphema. 2. v. i. & pron. kutipéndapénda, kutitotatota, kutiphéma v. pron."
maquilhar |
"maquiar, maquilar 1. v. t. kupendapenda, kutotatota, kuphema. 2. v. i. & pron. kutipéndapénda, kutitotatota, kutiphéma v. pron."
"máquina s. f. muchini (mu-mi) (I) machine. || [maquina de costura]: muchini wa kurhuinga (mu-mi). || [maquina de lavar (roupa)]: xihlampsampahla (xi-svi), muchini wa kuhlampsa mpahla (mu-mi). || [maquina de lavar loica, lava-loicas]: xihlampsasvibza (xi-svi), muchini wa kahlampsa svibza (mu-mi). || [maquina de abrir rosca]: dayizi| dayisi (ri-ma) (I) dies. || [maquina de fazer blocos solo-cimento]: muchini wa kuba mabilóko (mu-mi), xikhandhamabiléko (xi-svi). || [maquina escavadora]: xikerépe (xi-svi) (A) stootskraper. || [maquina de terraplanagem]: muternampula (mu-mi). || [maquina de cilindragem; rolo compressor]: mugindlaphansi, mugandaphansi, mugandaganda (mu-mi). || [maquina-caixao]: (camara-caixao, camara fotografica simples, de uso popular) xisusamifoto (xi-svi), muchini wa mifoto (mu-mi). || [maquina-ferramenta]: (maquina operativa) muchinixitirho (mu-mi) (plural: michinisvitirho)."
"maquina-caixao s. f. (camara-caixao, camara fotográfica simples) muchini wa mifoto (mu-mi)."
"maquinação s. f. a) rhengu (ri-ma) . b) (entendimento para maus fins) xigiri | xihini, xikhin, xiphiri, xithembo (xi-svi)."
maquina-ferramenta s. f. (maquina operativa) muchinixitirho (mu-mi) (plural: michinisvitirho).
maquinal adj. -a muchini loc. adj.
maquinar v. t. kuhiringa.
maquinismo s. m. a) (o conjunto das peças de um aparelho ou maquina; mecanismo) sviyengé sva muchini (svi) . b) (conjunto de maquinas) michini (mu-mi) (I) machine.
mar s. m. lwandlé (ri-ma).
marabu s. m. (espécie de cegonha) qandlopfu (ri-ma).
"maravilha s. f. xihlmariso (xi-svi), singita (ri-ma), mahlóri (ma)."
"maravilhado adj. -a kuhlamilisiwa, -a kuhlamala; -a kutsakisiwa, -a kutsaka; -a kusingitiwa, -a kublóléliwa loc. adj."
"maravilhar 1. v. t. kuhlamilisa; kutsakisa v. caus; kusingita, kuhlola. 2. v. pron. kuhlamala, kuhlolelwa; kutsaka."
maravilhoso adj. -a kuhlamalisa; -a masingita; -a kutsakisa loc. adj.
"marca s. f. a) (sinal que se faz num objecto para reconhecê-lo; sinete) xifungu (xi-svi), marka (yi-ti) (P). || [pequeno sinal]: xikupa (xi-svi), marka (yi-ti) (P) . b) (desenho ou etiqueta de produtos industriais) mfungu (mu-mi), matka (yi-ti) (P) . c) (impressao (que fica no espirito)) ndzhosi (mu-mi) . d) (sinal, nota ou indicacao para se recordar algo) xitsindzuxu (xi-svi) . e) (nódoa ou vestígio de doença; ou contusao) ndzosi (mu-mi), xivati (xi-svi) | vati (ri-ma) . f) (limite, fronteira, marco) mhiko, mpakani (yi-ti), mfungu (mu-mi), xitáka (xi-svi) (P) estaca, maka (yi-ti) (I) mark."
"marcado adj. a) (assinalado) -a kifingiwa loc. adj. b) (evidente, nítido; acentuado) -a kutikémba, -a kuvénéka khwatsi; -a kutshima loc. adj."
"marcante adj. 2 gen. a) (que assinala, que distingue) -a kufinga loc. adj . b) (que deixa marca, que sobressai) -a kutikómba loc. adj."
"marcar v. t. a) (pôr marca ou sinal em; assinalar) kufunga, kumarkara (P). || [marcar presença no cartão ou assinando o livro de ponto]: kubala (thikithi) . b) (indicar, apontar; patentear) kukémbisa . c) (demarcar, delimitar) kufunga, kuba mindzélékanu . d) (fixar, determinar) kubóha . e) (discar (número de telefone)) kumarkara (P) . f) (fazer (golo)) kunghénisa (golu), kupéta (golu) v. caus. kugólwisa . g) (por sob vigilância; vigiar) kuvonéléla, kuphoyisa, kumarkara (P)."
"marcha s. f. a) (jornada a pé, caminhada) mfambu (mu-mi) . b) (modo de andar; progresso, desenvolvimento) mafambéla (ma) . c) (cortejo, préstito) nchólóléko (mu-mi) . d) (movimento que um corpo de tropa executa para se deslocar de um ponto a outro; cadência com que um individuo, ou corpo de tropa, caminha) marxa (yi-ti) (P) . e) (sequência, sucessão) kulandzelana (ku), landzelanu (mu-mi)."
"marchar v. i. a) kufamba. b) (caminhar a passo cadenciado) kuchólóloka v. i., kumarxara v. i. (P) ."
"marco s. m. mhiko, mpakani (yi-ti), mfungu (mu-mi), xitáka (xi-svi) (P) estaca, marka (yi-ti) (P) marca, maka (yi-ti) (I) mark."
Marco s. prop. m. Nyenyankulu (ri-ma).
"maré s. f. a) (movimento periódico das aguas do mar) kupsha ni kutala (ka mati ya lwandle) (ku), mapshéla ni mataléla (ya mati ya lwandle) (ma). || [maré alta, maré-cheia, preamar]: bzayela (ri-ma), vutélamati (vu). || [maré baixa, maré-vazia, baixa-mar]: vupshémati (vu) . b) (fig.) (oportunidade, ocasiao) nkarhi (mu-mi), njombé (yi-ti) . c) (fig.) (disposicao de espírito) maxéla (ma) (fig.) . d) (aglomeração de gente) ntshungu (mu-mi)."
"maré-cheia s. f. (maré alta) bzayela (ri-ma), vatalamati (vu)."
marfim s. m. tinyo ra ndlopfu (ri-ma).
marga s. m. buwa (ri-ma).
margarina s. f. margarina (ma) (P).
"margem s. f. a) (de rio, lago, etc.) ridonga (ri-ti). || [margem elevada de um rio ou de um lago]: rigiyagiya, ribiribiri (ri-ti). || [margem escarpada junto ao rio ou ao mar]: ribwa (ri-ti) (plural: timbhiwa) . b) (limite) ndzelekanu, mugélé (mu-mi)."
"marginal 1. adj. 2 gen. -a tlhélo loc. adj. 2. s. 2 gen. (fora-da-lei) xigevénga (xi-svi), layitha, tsotsi, jambana (ri-ma), matlilana (mu-va), bandidu (ri-ma) (P) bandido."
maria-café s. f. (milípede) khongéloti | chongoloti (ri-ma).
maria-queixinhas s. 2 gen. ndzundzana (mu-va).
maria-rapaz adj. (rapariga que se comporta como rapaz) ntombixingajaha (mu-va).
maria-vai-com-as-outras adj. 2 gen. & s. 2 gen. (fam.) cite_start mavhumazóne (mu-va) (fam.).
"maricas adj. & s. m. (efeminado) mariyarapazi (mu-va), jahaxingantombhi (ri-ma)."
marido s. m. nuna (mu-va) (plural: vanuna). || [o segundo marido] (que a viúva escolhe numa cerimónia propria): nangiso (mu-mi).
"marijuana s. f. mbangi (yi-ti), bzanyi (vu-ma) | gubnyi (ri-ma) (fig.) [of erva]."
marimba s. f. mbila (yi-ti).
"marimbau s. m. (berimbau, pequeno instrumento de ferro, semelhante a uma ferradura, no centro do qual ha uma lingueta, e que se toca pondo a parte curva entre os dentes e fazendo vibrar com o indicador a extremidade livre da lingueta) phiyana (ri-ma)."
marinha s. f. svitimela sva mati (svi).
"marinheiro s. m. mutiri, muweti (mu-va)."
marinho adj. -a lwandlé loc. adj.
"marisco s. m. xilwandlé (xi-svi), sviyanajana sva lwandle (svi)."
Marítimo adj. -a lwandlé loc. adj.
"marmita s. f. a) (panela de metal, com tampa) mbita (ya nsimbi) (yi-ti) . b) (conjunto de vasilhas adaptadas a um suporte, e que serve para o transporte de comida) malata (ma) (P) lata . c) (cada uma dessas vasilhas) lata (ri-ma) . d) (ext.) (vasilha em que se leva a refeicao individual para o local de trabalho, estudo, etc.) xibza xa timbuva (yi-ti)."
marmote s. m. mabele (ri-ma) (I) marble.
marrabenta s. f. (Moc.) (certa danca popular do sul de Moçambique) marabénta (ma).
"marrada s. f. a) (de chifre) mugwabu (mu-mi) . b) (de marreta) mugandlu, mugémbó (mu-mi)."
marrão s. m. xibó (xi-svi).
"marrar 1. v. t. a) (bater com força, como se desse marrada) kugingindza | kukingindza, kugémba, kuhlanhlanha . b) (arremeter com a cornada (animal cornigero)) kugwaba, kutlhava."
"marreca 1. s. f. (corcunda, bossa) xifambu, xikon’wa (xi-svi), hindza|dindha (ri-ma), gangufala (mu-mi). 2. s. 2 gen. (pessoa que tem bossa ou corcova) gingufala (mu-va), n’wamalindza | n’wamalindha (mu-va) (pej.)."
"marreco adj. & s. m. (pessoa que tem bossa ou corcova) gangufala (mu-va), n’wamalindza | n’wamalindha (mu-va) (pej.)."
marreta s. f. xibó (xi-svi).
"martelar v. t. & i. kugóngóndzéla, kuméméndzéla, kuvandza v. t., kubéthéla v. t. (P) ."
"martelete s. m. xihamelana, xinyéndhwana (xi-svi)."
"martelo s. m. nyandhu (yi-ti), hamela (yi-ti) (I) hammer."
"mártir s. m. muxanisiwa, muvambiwa (mu-va)."
"martírio s. m. nxaniséko, nhlupheko (mu) (sem plural), nhlomulu (mu-ma) (plural: mahlomulu)."
"martirizar v. t. kuxanisa, kuhlupha, kuhlomula."
"mas 1. conj. a) (Exprime oposição ou restrição. No princípio da oração, indica relação com ideia anterior) kambe, kéba conj . b) (Denota censura a palavras ou acções alheias) kasi conj. 2. adv. (Denota corroboração do que se acabou de dizer; decerto) hakunéné adv. 3. s. m. a) (dificuldade, obstáculo) xirhalanganya, xikarhatu (xi-svi) . b) (defeito, senão) xizathu."
"mascar v. t. kuhlampfunha, kuncakiinha, kuncakunhéla | kancakiinya, kuncakinyéla."
"máscara s. f. xitumbeto, xifihlangohé, xifihlavuso; xisirhélo (xi-svi), mutumbéla (mu-mi)."
mascarada s. f. mutumbéla (mu-mi).
"mascarado 1. adj. a) (disfarçado com máscara) -a mutumbéla loc. adj . b) (dissimulado, falso) -a kutambéla, -a mavanhwa loc. adj. 2. s. m. (pessoa com máscara) mutumbéla (mu-mi)."
mascote s. f. a) (amuleto) mfisa (yi-ti) (Ro) . b) (variedade de planta bolbosa da família das cucurbitáceas; o bolbo desta planta) xithtingulu | xitshingilu (ri-svi).
"masmorra s. m. khotso, bohélo (ri-ma), jelé (ri-ma) (I) jail, nkalavoso (yi-ti) (P) calabouço."
"massa s. f. a) (mistura de farinha com água, massa para bolos, xima, etc.) mbila (yi-it). b) (farinha de cereais amassada, destinada ao fabrico de pão) mpfuvelo (mu-mi), xipfuvéla (xi-svi). c) (farinha de cereais amassada, destinada a ser cozida; prato dessa massa) mnasa (mu-mi). (P). d) (argamassa) khokhweni (ri-ma). || [massa cinzental]: bzongé | vongé, brongnt, vongwe (vu-ma). [9 cérebro]. e) (gir.) (taco, grana, dinheiro) mughaka (mu), man’anga (ma). (gr.)."
massacre s. m. ndlhayétélo (mu-mi).
"massala s. f. (Moc.) (fruto verde de casca dura, de polpa doce e aromatica, de sementes grandes: 0 fruto da massaleira) sala (ri-ma)."
"massaleira s. f. (Moc.) (cerfa arvore que dé Jrutos verdes de casca dura, de polpa doce ¢ aroméatica, de sementes grandes) nsdla (mu-mi)."
massanica s. jf; (Mo¢.) a) (a planta) nsanika (mu-mi). b) (0 fruto)
massaroca s. f. ntshongo (mu-mi).
"masso s. m. a) (conjunto de coisas unidas e enroladas em corda, fio, etc.; feixe) xikhubza, xisutsi, xibzanda (xi-svi). b) (pequeno macete, com que se bate nos cinzéis de madeira) ndheki (mu-mi), ntswéku (mu-mi)."
massagem s. f. kupfama (ku).
"massagear v. t. kupfama, kupfapfama, kuhlikihlikla."
"massar v. t. (Moc.) (esmagar, apertar) kufinya."
"mastigação s. f. kucekuceka, kumanyemanya, kuhlambfunha (ku)."
mastigador adj. & s. m. mucekuceki (mu-va).
"mastigar v. t. kucekuceka, kumanyemanya, kuhlambfunha, kuncakanha, kucukunha."
"mastro s. m. polo (mu-mi), xiyana (xi-svi)."
"mata s. f. a) (floresta) xisaka, hlambo (xi-svi). b) (mato, bosque) hlambana (ri-ma), nhova (yi-ti). c) (pequena mata, próxima de povoação) thlelo (mu-mi). d) (terreno inculto, coberto de árvores, arbustos e ervas) ribungéla (ri-ma)."
"matabicho s. m. (Moc.) (refeição ligeira tomada ao amanhecer, para matar o bicho do estômago) matabixu, matimisi (ma)."
"matacão s. m. n’walaxuva, n’walan’wala, n’wala (mu-mi), xivala (xi-svi)."
"mata-bicho s. m. matimisi, matabixu (ma)."
matador adj. & s. m. mudlayi (mu-va).
"matadouro s. m. xidlayelo, xiblayelo (xi-svi)."
"matamorra s. f. xidlayelo, xiblayelo (xi-svi)."
"matança s. f. ndlayo, ndlayetano (mu-mi)."
"matar v. t. a) (tirar a vida a; causar a morte de) kudlaya, kublaya. b) (destruir) kuponya, kuonha. c) (esmagar (piolhos, pulgas)) kukhandzela, kubhinda. d) (ferrar (as aves de rapina)) kuléletha. e) (diz-se do que mata a sede) kuvusa (nyota). f) (diz-se do que mata a fome) kuvusa (ndlala). g) (fig.) (esgotar (a paciência)) kupedza (kuvabza)."
"matar-se v. pron. a) kudlaya v. pron. b) (esforçar-se muito) kutinyika, kutiyisa, kutikana."
"mate adj. & s. m. (diz-se de cor baça, sem brilho) -a kutimbhala loc. adj."
"matear v. i. (tornar-se fosco) kutimbhala, kufimela."
"matéria s. f. a) (substância, componente) xihambano (xi-svi), nchumu (mu-mi). b) (assunto) nhlamuselo, nshéketo (mu-mi), svinyéndé (svi), xiphungu (xi-svi)."
"material s. m. a) (utensílios, instrumentos, ferramenta; material de construção, etc.) svibza (svi). b) (aparelhagem, equipamento) svibza (svi)."
materialismo s. m. vuhunguti (vu).
"materialista adj. 2 gen. & s. 2 gen. muhunguti, munyiki (mu-va)."
matiz s. m. (matiz) munyami (mu-mi) (P).
"matizar v. t. kunyamanisa, kuxuxama."
"mato s. m. a) (terreno inculto, coberto de árvores, arbustos e ervas) ribungéla (ri-ma), nchobé (mu-mi), nhova (yi-ti), xitsaka (xi-svi). b) (lugar sem povoação) nhova (yi-ti)."
"matricular v. t. kutitsátsarisa (hi mavito), kutitsala (hi mavito)."
"matrimónio s. m. vukati (vu), vukati (vu)."
"matrona s. f. a) (mulher casada, respeitável e séria) mpsatsi (yi-ti). b) (mulher de certa idade, com ar grave e sério) mapséle (mu-va)."
maturação s. f. kuphya (ku).
"maturidade s. f. vukulu, vudala (vu)."
"maduro adj. -a kuphya, -a kubzindza loc. adj."
"matutar v. i. kutihlekiselela, kuvutisa, kutsala (P)."
"mau adj. a) (contrário ao bem; que age mal) -a kuonhéka, -a xinyamatsi loc. adj.. b) (perverso, malvado) -a vubihi, -a vudlayi loc. adj. c) (nocivo) -a xidzi, -a vuwéno loc. adj. d) (indisposto) -a kurhwala (ku), -a kuva ni vuswéyi loc. adj. e) (que não corresponde ao fim que se destina) -a kutambula, -a kungana loc. adj. f) (que não presta) -a kuhiha, -a kuonhéka, -a kuyingisa loc. adj."
maus-tratos s. m. pl. minxanéko (mu-mi).
maxila s. f. rihlaya (ri-ma).
máxima s. f. xitlheko (xi-svi).
"maxime adv. (sobretudo, especialmente) ngopfu-ngopfu."
máximo adj. -a lexi tikulu loc. adj.
"mazela s. f. a) (ferida, chaga) ntswédzi (mu-mi). b) (mal, calamidade) kuonhéka (ku), mahluvukelo (ma), xihlupeko (xi-svi). c) (dor, sofrimento) vurhwala (vu), vuhlupeko (vu)."
"me 1. pron. conj. (me) -ni, -nini. 2. pron. reflexivo (me) -ti."
"meada s. f. vuko (ri-ma), mbalu (mu-mi)."
"meandro s. m. a) (dobra, curva) xigama, xijana (xi-svi), nchuluko (mu-mi). b) (fig.) (rodeio, subterfúgio) rhengu, ghinga (ri-ma)."
meão adj. & s. m. -a lexi xiya exikari loc. adj.
"mecânico 1. adj. a) (relativo à mecânica) -a muchini loc. adj. b) (sem vida, maquinal) -a kuonhéka, -a vuhiha loc. adj. 2. s. m. muchini (mu-va)."
"mecanismo s. m. a) (o conjunto das peças de um aparelho ou maquina) sviyengé sva muchini (svi). b) (o modo de agir ou de funcionar de um corpo, órgão, máquina, etc.) nchavélo wa muchini, xigwelho xa muchini (mu-mi). c) (fig.) (maneira de agir) mayendla, matirhisa (ma)."
"mecenato s. m. vurhangeri (vu), vurhangeli (vu)."
"medida s. f. a) (acto ou efeito de medir) kupima (ku). b) (o que se toma para medir) xipimo (xi-svi), mupimo (mu-mi). c) (quantidade fixa) ripimo (ri-ma). d) (fig.) (precaução, cuidado) mahanyéla (ma), ndhangu, njunvu (yi-ti), xihlayiso (xi-svi)."
"medicação s. f. a) (uso de um medicamento) kutirhisa mirhi (ku). b) (tratamento por meio de medicamentos) kutirhisa mirhi, kuheta mirhi (ku)."
"medicamentar v. t. kuheta mirhi, kuhetera mirhi."
"medicamento s. m. murhi, xiyédza (mu-mi), sviyédza (svi)."
"medicar v. t. kuheta mirhi, kuhetera mirhi."
médico 1. adj. -a vudokodela loc. adj. 2. s. m. dokodéla (ri-ma).
medida s. f. (acto ou efeito de medir) kupima (ku).
"medir v. t. a) (determinar o tamanho, a quantidade ou a capacidade de) kupima, kupimbisa. b) (avaliar, pesar) kuqimeta."
médio adj. -a lexi xiya exikari loc. adj.
"meditabundo adj. -a kuhehuka, -a kutsana, -a kukodza loc. adj."
"meditação s. f. kuhanyela, kukodza (ku)."
"meditar v. i. kuhehuka, kukodza, kutsana, kutitsindzuxa."
"medo s. m. a) (receio, pavor) mumuva, mboya (mu-mi), xihambuka (xi-svi). b) (pânico) vumuma, vumana (vu)."
"medroso adj. -a mumuva, -a mboya, -a kuva ni mumuva, -a kuva ni mboya loc. adj."
medula s. f. a) (osso) makhuma (ma). b) (fig.) (a parte mais importante de uma coisa) ndzengendzeni (mu).
"megera s. f. mbhongobzisi (mu-va), xibubula (xi-svi), nkondlo (yi-ti)."
"meigo adj. -a kululama, -a kuva munhu wa ntamu wa kuhlayisa loc. adj."
"meiguice s. f. (qualidade de meigo) vubulwa (vu), vuntamo (vu)."
"meio 1. s. m. a) (aquilo que está no meio ou a meio) xikari (xi). b) (recurso, maneira) ndlela (yi-ti). c) (meio de transporte) xifambisa (xi-svi). d) (elemento em que vivem ou se desenvolvem os seres vivos) xikari (xi), muti (mu-mi). 2. adj. & adv. -a xikari loc. adj."
meia s. f. (calça) xihlayi (xi-svi).
meio-dia s. m. nchaka wa vhumbiri (mu-mi).
meio-irmão s. m. makulana (mu-va).
meia-irmã s. f. makulana (mu-va).
meio-termo s. m. xikari (xi).
meirinho s. m. mulawuri wa matiko (mu-va).
mel s. m. vusi (vu) (sem plural).
"melancolia s. f. ntshangano (mu-mi), vutshangano (vu)."
melancólico adj. -a ntshangano loc. adj.
"melhor adj. & s. m. -a kunene, -a ngopfu, -a kutlula hinkwasvó loc. adj."
"melhora s. f. kuvavzisa, kuvavzika (ku)."
"melhorado adj. -a kuvavzisiwa, -a kuvavzika loc. adj."
melhorar 1. v. i. kuvavzika. 2. v. t. kuvavzisa.
"melro s. m. (pássaro) ntshukuma, ntshuma (mu-mi)."
membrana s. f. xiphamba (xi-svi).
"membro s. m. a) (qualquer dos órgãos do corpo, em especial as pernas e os braços) xiyengé (xi-svi), xirho (xi-svi). b) (cada um dos indivíduos de uma corporação, associação, etc.) mutirhi (mu-va)."
"memorável adj. 2 gen. -a kufungika, -a kutsindzuxa, -a kutsindziwa loc. adj."
"memória s. f. a) (faculdade de recordar o passado) kutsuwuka (ku), xitsindzuxu (xi-svi). b) (lembrança, recordação) xitsundzuxu (xi-svi), xihlayiso (xi-svi). c) (relato de factos passados) nhlamuselo, nshéketo (mu-mi)."
"menção s. f. kuva ni ndhambi, kuva ni ntombi (ku)."
"mencionar v. t. kutitsala, kuvula, kutlhoma (P)."
"mendigação s. f. ndlalayilo, ntsemiso, kucenisa (mu-mi), vuloyi (vu)."
"mendigar v. i. & t. a) kualayela, kutsémisa. b) (implorar) kululela, kusikinya."
"mendigo s. m. ndlayi (mu-va), ntsemisa (mu-va), n’wandzala (mu-va)."
menear v. t. kunyunguta.
"menina s. f. n’wanana, n’wana (mu-va) (plural: vana)."
"menino s. m. n’wanana, n’wana (mu-va) (plural: vana)."
"menor adj. 2 gen. -a xitsongo, -a xitsongwana loc. adj."
"menos 1. adv. (indicando inferioridade) kutsongo, kutsongonyana, tsongo adv. 2. prep. (com exceção de) kambe, handle ka."
"mensagem s. f. (recado) mahungu (ma), murhu (mu-mi)."
mensageiro s. m. murhumiwa (mu-va).
mensal adj. 2 gen. -a n'wheti loc. adj.
menstruação s. f. nhweti (yi-ti).
menstruar v. i. kutihluvula.
menstruado adj. -a kutihluvula loc. adj.
menta s. f. muntwa (mu-mi).
"mente s. f. a) (espírito, intelecto) nsimu (mu-mi). b) (inteligência) nsimu (mu-mi)."
"mentira s. f. vuloyi, vumbulwa (vu)."
"mentiroso adj. & s. m. muloyi, mumbulwa (mu-va)."
"mentir v. i. kuloya, kuhlamba."
mergulhar v. t. & i. a) (meter na água) kunyunguta. b) (mergulhar-se) kunyunguta.
mergulho s. m. kunyunguta (ku).
mergulhar v. t. & i. kunyunguta.
mergulho s. m. kunyunguta (ku).
"merecer v. i. kuvavzisa, kuvavzika."
merecimento s. m. kuvavzika (ku).
merenda s. f. timbhava (ti).
merendar v. i. kutirhisa (timbhava).
mergulho s. m. kunyunguta (ku).
mesada s. f. xikwati (xi-svi).
"mesmo 1. adj. a) (idêntico) -a kufana, -a kuva yingéni loc. adj. b) (precisamente) -a xiyingéni loc. adj. c) (pessoalmente, com as próprias mãos) hi voko. 2. adv. (com efeito, decerto) hakunéné adv."
metade s. f. nsimu (mu-mi).
"metamorfose s. f. kuchinja, kuvandza, kubindza (ku)."
"meter v. t. a) (pôr dentro) kunghénisa. b) (colocar no meio) kutlhoma, kupfula."
meter-se v. pron. a) (ir para dentro) kunghéna. b) (intrometer-se) kunghéna.
"mestre s. m. a) (aquele que ensina) mutirhisi (mu-va). b) (especialista, perito) murhangi (mu-va)."
"mexer v. t. & i. a) (pôr em movimento) kunyunguta, kunyisa. b) (mover-se) kunyunguta."
"mexerico s. m. vuloyi, vumbulwa (vu)."
"mexeriquice s. f. vuloyi, vumbulwa (vu)."
"mexeriqueiro adj. & s. m. muloyi, mumbulwa (mu-va)."
miado s. m. kumeuwuka (ku).
miar v. i. kumeuwuka.
miçanga s. f. ndzenga (mu-mi).
microrganismo s. m. xitsongwani (xi-svi).
microscópio s. m. xivoningelo (xi-svi).
mido s. m. -a kuva xitsongo loc. adj.
miga s. f. (migalha) xitsongwana (xi-svi).
migalha s. f. xitsongwana (xi-svi).
"migalhar v. t. kuhlambunha, kuhlehla."
"migalhar-se v. pron. kuhlambunha, kuhlehla."
milagre s. m. xikwembu (xi-svi).
milagroso adj. -a xikwembu loc. adj.
milhão s. m. xikwati (xi-svi).
milho s. m. mavele (ma).
milho-miúdo s. m. xihlambunha (xi-svi).
milho-rei s. m. xikwati (xi-svi).
milho-painço s. m. nsimu (mu-mi).
milho-branco s. m. mavele (ma).
milho-vermelho s. m. mavele (ma).
militar 1. adj. -a vusojakwele loc. adj. 2. s. m. musoja (mu-va).
milícia s. f. masoja (ma).
milionário adj. & s. m. murhandzi (mu-va).
"mim 1. pron. (eu) miné, mina. 2. pron. (me) -ni, -nini."
"mimado adj. & s. m. mutsana, mufana (mu-va)."
"mimar v. t. kutsana, kufana."
"mimo s. m. kutsana, kufana (ku)."
mina s. f. a) (galeria subterrânea) xikwati (xi-svi). b) (engenho explosivo) xiphikha (xi-svi).
"minar v. t. a) (explorar uma mina) kuwula, kuxuma, kuvula. b) (destruir com minas) kuphikha."
mineral s. m. xibya (xi-svi).
minhoca s. f. mphamba (mu-mi).
ministério s. m. vutirhisi (vu).
ministro s. m. mutirhisi (mu-va).
minoria s. f. xitsongwana (xi-svi).
minuto s. m. xitsongwana (xi-svi).
miserável adj. & s. m. mudlayi (mu-va).
misericórdia s. f. vuswelelo (vu).
misericordioso adj. -a vuswelelo loc. adj.
missa s. f. xikwati (xi-svi).
missão s. f. vutirhisi (vu).
missionário s. m. mutirhisi (mu-va).
misterioso adj. -a xiphiri loc. adj.
misticismo s. m. vukomana (vu).
místico adj. -a vukomana loc. adj.
mistura s. f. mbila (yi-it).
"misturar v. t. kubindza, kuhlehla."
mito s. m. vumbulwa (vu).
miudo adj. & s. m. -a xitsongwana loc. adj.
miudeza s. f. xitsongwana (xi-svi).
moeda s. f. xikwati (xi-svi).
"moer v. t. kuhlehla, kuhlahla."
mofo s. m. vuvi (vu).
molar s. f. xikwati (xi-svi).
mole adj. -a kuva na vumulwa loc. adj.
"molhar v. t. kuvava, kuvavela."
molhe s. m. xikwati (xi-svi).
molho s. m. a) (de carne) xikwati (xi-svi). b) (de peixe) xikwati (xi-svi).
molusco s. m. xikwati (xi-svi).
momento s. m. nkarhi (mu-mi).
monarquia s. f. vukomana (vu).
monarca s. m. mukomana (mu-va).
monge s. m. mukomana (mu-va).
monocelha s. f. xikwati (xi-svi).
monopolio s. m. vukomana (vu).
"monopolizar v. t. kuvula, kuvula."
monstro s. m. xikwati (xi-svi).
montanha s. f. ntshava (yi-ti).
monte s. m. xikwati (xi-svi).
"montar v. t. kuvula, kuvula."
morte s. f. kudlaya (ku).
morto adj. & s. m. mufana (mu-va).
morcego s. m. mphamba (mu-mi).
morder v. t. kuluma.
mordida s. f. kuluma (ku).
mordomo s. m. mutirhisi (mu-va).
mordomia s. f. vutirhisi (vu).
mordiscada s. f. kuluma (ku).
mordiscar v. t. kuluma.
moribundo adj. -a kuva na kudlaya loc. adj.
morrer v. i. kudlaya.
morrida s. f. kudlaya (ku).
morte s. f. kudlaya (ku).
morada s. f. ndlwana (yi-ti).
morar v. i. kutshama.
moreno adj. -a kuva na mbonya loc. adj.
morteiro s. m. xikwati (xi-svi).
mortal adj. -a kudlaya loc. adj.
mortalha s. f. xikwati (xi-svi).
mortalidade s. f. kudlaya (ku).
mosca s. f. mbuya (mu-va).
mosquito s. m. xikwati (xi-svi).
motor s. m. muchini (mu-mi).
motorista s. m. muchini (mu-va).
motocicleta s. f. xikwati (xi-svi).
motociclista s. m. xikwati (xi-svi).
moura s. f. xikwati (xi-svi).
mouro s. m. xikwati (xi-svi).
"mover v. t. kuvula, kuvula."
movimento s. m. kuvula (ku).
moço s. m. mutsana (mu-va).
moxico s. m. xikwati (xi-svi).
moxico s. m. xikwati (xi-svi).
moxo s. m. xikwati (xi-svi).
mula s. f. xikwati (xi-svi).
mulo s. m. xikwati (xi-svi).
"multiplicar v. t. kuvula, kuvula."
multidão s. f. ntshungu (mu-mi).
mulher s. f. n’wina (yi-ti).
mulherengo adj. & s. m. murhandzi (mu-va).
muro s. m. xikwati (xi-svi).
"murchar v. i. kuxuma, kuxuma."
murro s. m. xikwati (xi-svi).
museu s. m. xikwati (xi-svi).
música s. f. xikwati (xi-svi).
músico s. m. xikwati (xi-svi).
"mutilar v. t. kuvula, kuvula."
mutirão s. m. vutirhisi (vu).
mutuário s. m. mutirhisi (mu-va).
mutuo adj. -a kuva na vumulwa loc. adj.
"nada 1. adv. (não, não) aha, hihi. 2. s. m. xikwati (xi-svi)."
nadar v. i. kunyunguta.
nadador s. m. mutirhisi (mu-va).
nadadora s. f. mutirhisi (mu-va).
nádegas s. f. pl. xikwati (xi-svi).
"nao adv. aha, hihi."
nao-fumador s. m. mutirhisi (mu-va).
nascimento s. m. kuvula (ku).
nascer v. i. kuvula.
nasal adj. -a xikwati loc. adj.
"nasalizar v. t. kuvula, kuvula."
nacional adj. -a xikwati loc. adj.
nacionalidade s. f. xikwati (xi-svi).
"nacionalizar v. t. kuvula, kuvula."
naco s. m. xikwati (xi-svi).
nado s. m. kunyunguta (ku).
namorada s. f. murhandzi (mu-va).
namorado s. m. murhandzi (mu-va).
namorar v. t. kurhandza.
namoro s. m. kurhandza (ku).
nana s. f. n'wana (mu-va).
nanico adj. & s. m. xitsongwana (xi-svi).
napalm s. m. xikwati (xi-svi).
narcisismo s. m. vukomana (vu).
narciso s. m. mukomana (mu-va).
narcótico adj. & s. m. xikwati (xi-svi).
narina s. f. xikwati (xi-svi).
narrador s. m. mutirhisi (mu-va).
narrativa s. f. xikwati (xi-svi).
"narrar v. t. kuvula, kuvula."
nariz s. m. mpheve (mu-mi).
narrador s. m. mutirhisi (mu-va).
narrativa s. f. xikwati (xi-svi).
"narrar v. t. kuvula, kuvula."
nasal adj. -a xikwati loc. adj.
"nasalizar v. t. kuvula, kuvula."
nascimento s. m. kuvula (ku).
nascer v. i. kuvula.
natal s. m. xikwati (xi-svi).
natalício adj. -a xikwati loc. adj.
natividade s. f. xikwati (xi-svi).
nativo adj. & s. m. mutirhisi (mu-va).
natura s. f. xikwati (xi-svi).
natural adj. -a xikwati loc. adj.
natureza s. f. xikwati (xi-svi).
"naufragar v. i. kuvula, kuvula."
naufrágio s. m. kuvula (ku).
náusea s. f. xikwati (xi-svi).
nauseante adj. -a xikwati loc. adj.
"nausear v. t. kuvula, kuvula."
navegação s. f. kuvula (ku).
navegador s. m. mutirhisi (mu-va).
navegar v. i. kuvula.
navio s. m. xikwati (xi-svi).
"negociar v. t. kuvula, kuvula."
negócio s. m. xikwati (xi-svi).
negro adj. & s. m. xikwati (xi-svi).
negrume s. m. xikwati (xi-svi).
negror s. m. xikwati (xi-svi).
negrinho s. m. xikwati (xi-svi).
nervo s. m. xikwati (xi-svi).
nervoso adj. -a xikwati loc. adj.
nervosismo s. m. xikwati (xi-svi).
neto s. m. mutsana (mu-va).
neta s. f. mutsana (mu-va).
neve s. f. xikwati (xi-svi).
"nevar v. i. kuvula, kuvula."
nicho s. m. xikwati (xi-svi).
nicotina s. f. xikwati (xi-svi).
ninho s. m. xikwati (xi-svi).
ninfa s. f. xikwati (xi-svi).
ninfomaníaca s. f. xikwati (xi-svi).
ninfomaníaco s. m. xikwati (xi-svi).
ninfomania s. f. xikwati (xi-svi).
"ninguém pron. aha, hihi."
"no prep. hi, na."
no-show s. m. xikwati (xi-svi).
nobre adj. -a xikwati loc. adj.
nobreza s. f. xikwati (xi-svi).
noite s. f. vurhongo (vu).
notívago adj. & s. m. mutirhisi (mu-va).
noivado s. m. kurhandza (ku).
noivo s. m. murhandzi (mu-va).
noiva s. f. murhandzi (mu-va).
nomade adj. & s. m. mutirhisi (mu-va).
nome s. m. vito (ri-ma).
"nomear v. t. kuvula, kuvula."
"nominar v. t. kuvula, kuvula."
nonagenário adj. & s. m. mutirhisi (mu-va).
nora s. f. mutsana (mu-va).
norma s. f. xikwati (xi-svi).
normal adj. -a xikwati loc. adj.
noroeste s. m. xikwati (xi-svi).
norte s. m. xikwati (xi-svi).
norueguês adj. & s. m. mutirhisi (mu-va).
nosso pron. hina.
"notar v. t. kuvula, kuvula."
notável adj. -a xikwati loc. adj.
notícia s. f. xikwati (xi-svi).
noticiário s. m. xikwati (xi-svi).
noturno adj. -a xikwati loc. adj.
novato adj. & s. m. mutsana (mu-va).
novembro s. m. xikwati (xi-svi).
noventa num. xikwati (xi-svi).
noverta num. xikwati (xi-svi).
novidade s. f. xikwati (xi-svi).
novilho s. m. xikwati (xi-svi).
nulo adj. -a xikwati loc. adj.
numeral adj. -a xikwati loc. adj.
numerador s. m. xikwati (xi-svi).
"numerar v. t. kuvula, kuvula."
numeroso adj. -a xikwati loc. adj.
número s. m. xikwati (xi-svi).
"nunca adv. aha, hihi."
nupcial adj. -a xikwati loc. adj.
nupcias s. f. pl. xikwati (xi-svi).
nutrição s. f. kuvula (ku).
nutriente s. m. xikwati (xi-svi).
"nutrir v. t. kuvula, kuvula."
nutritivo adj. -a xikwati loc. adj.
"obcecar v. t. kuvula, kuvula."
obediência s. f. kuvula (ku).
obediente adj. -a kuvula loc. adj.
"obedecer v. t. kuvula, kuvula."
"obedecer v. i. kuvula, kuvula."
"obedecer v. t. & i. kuvula, kuvula."
obelisco s. m. xikwati (xi-svi).
obeso adj. -a xikwati loc. adj.
obesidade s. f. xikwati (xi-svi).
obituário s. m. xikwati (xi-svi).
objectivo adj. -a xikwati loc. adj.
objecto s. m. xikwati (xi-svi).
"objurgar v. t. kuvula, kuvula."
oblação s. f. xikwati (xi-svi).
obrigação s. f. kuvula (ku).
obrigado adj. -a kuvula loc. adj.
"obrigar v. t. kuvula, kuvula."
obrigatório adj. -a kuvula loc. adj.
obrigatoriedade s. f. kuvula (ku).
obra s. f. xikwati (xi-svi).
"obrar v. t. kuvula, kuvula."
"obstruir v. t. kuvula, kuvula."
obstáculo s. m. xikwati (xi-svi).
obsoleto adj. -a xikwati loc. adj.
"obter v. t. kuvula, kuvula."
óbvio adj. -a xikwati loc. adj.
ocasião s. f. nkarhi (mu-mi).
ocasional adj. -a nkarhi loc. adj.
"ocasionar v. t. kuvula, kuvula."
oculto adj. -a xikwati loc. adj.
"ocultar v. t. kuvula, kuvula."
ocupado adj. -a xikwati loc. adj.
"ocupar v. t. kuvula, kuvula."
ocidente s. m. xikwati (xi-svi).
ocidental adj. -a xikwati loc. adj.
óculos s. m. pl. xikwati (xi-svi).
ode s. f. xikwati (xi-svi).
odiado adj. -a xikwati loc. adj.
"odiar v. t. kuvula, kuvula."
ódio s. m. xikwati (xi-svi).
odor s. m. xikwati (xi-svi).
odoroso adj. -a xikwati loc. adj.
oeste s. m. xikwati (xi-svi).
ofensa s. f. xikwati (xi-svi).
"ofender v. t. kuvula, kuvula."
ofensivo adj. -a xikwati loc. adj.
oferta s. f. xikwati (xi-svi).
"oferecer v. t. kuvula, kuvula."
oferecimento s. m. kuvula (ku).
oficial adj. & s. m. mutirhisi (mu-va).
ofício s. m. xikwati (xi-svi).
"ofuscar v. t. kuvula, kuvula."
oito num. xikwati (xi-svi).
oitavo num. xikwati (xi-svi).
"olá interj. kuvula, kuvula."
óleo s. m. xikwati (xi-svi).
"olhar v. t. kuvula, kuvula."
olhar s. m. kuvula (ku).
olheiras s. f. pl. xikwati (xi-svi).
olho s. m. tiho (ri-ma).
olhudo adj. -a xikwati loc. adj.
olhuda s. f. xikwati (xi-svi).
"olhar v. t. kuvula, kuvula."
olhar s. m. kuvula (ku).
olheiras s. f. pl. xikwati (xi-svi).
olho s. m. tiho (ri-ma).
olhudo adj. -a xikwati loc. adj.
olhuda s. f. xikwati (xi-svi).
ombro s. m. xikwati (xi-svi).
ominoso adj. -a xikwati loc. adj.
omisso adj. -a xikwati loc. adj.
"omitir v. t. kuvula, kuvula."
onda s. f. xikwati (xi-svi).
onde adv. na.
ondulação s. f. kuvula (ku).
"ondular v. t. kuvula, kuvula."
oneroso adj. -a xikwati loc. adj.
onipresente adj. -a xikwati loc. adj.
onipotente adj. -a xikwati loc. adj.
onisciente adj. -a xikwati loc. adj.
ontem adv. xikwati (xi-svi).
ônus s. m. xikwati (xi-svi).
opaco adj. -a xikwati loc. adj.
opinião s. f. xikwati (xi-svi).
"opinar v. t. kuvula, kuvula."
oponente adj. & s. m. mutirhisi (mu-va).
oponente s. m. mutirhisi (mu-va).
"opor v. t. kuvula, kuvula."
oportunidade s. f. nkarhi (mu-mi).
oposto adj. -a xikwati loc. adj.
opressão s. f. kuvula (ku).
opressor adj. & s. m. mutirhisi (mu-va).
"oprimir v. t. kuvula, kuvula."
opulência s. f. xikwati (xi-svi).
opulento adj. -a xikwati loc. adj.
órbita s. f. xikwati (xi-svi).
"orçar v. t. kuvula, kuvula."
orcamento s. m. xikwati (xi-svi).
ordem s. f. xikwati (xi-svi).
"ordenar v. t. kuvula, kuvula."
ordinário adj. -a xikwati loc. adj.
orelha s. f. xikwati (xi-svi).
organismo s. m. xikwati (xi-svi).
"organizar v. t. kuvula, kuvula."
organizado adj. -a xikwati loc. adj.
orgânico adj. -a xikwati loc. adj.
orgão s. m. xikwati (xi-svi).
"orgulhar v. t. kuvula, kuvula."
orgulho s. m. xikwati (xi-svi).
orgulhoso adj. -a xikwati loc. adj.
oriental adj. -a xikwati loc. adj.
"orientar v. t. kuvula, kuvula."
orientador s. m. mutirhisi (mu-va).
orientação s. f. kuvula (ku).
origem s. f. xikwati (xi-svi).
original adj. -a xikwati loc. adj.
ornamento s. m. xikwati (xi-svi).
"ornamentar v. t. kuvula, kuvula."
ouro s. m. xikwati (xi-svi).
ouro-preto s. m. xikwati (xi-svi).
ouropel s. m. xikwati (xi-svi).
"ouvir v. t. kuvula, kuvula."
ovo s. m. xikwati (xi-svi).
ovelha s. f. xikwati (xi-svi).
"ovular v. i. kuvula, kuvula."
ovulação s. f. kuvula (ku).
oxigênio s. m. xikwati (xi-svi).
pacato adj. -a xikwati loc. adj.
pacata s. f. xikwati (xi-svi).
paciência s. f. kuvula (ku).
paciente adj. -a kuvula loc. adj.
pacífico adj. -a xikwati loc. adj.
padrão s. m. xikwati (xi-svi).
pagão adj. & s. m. mutirhisi (mu-va).
"pagar v. t. kuvula, kuvula."
paga s. f. xikwati (xi-svi).
página s. f. xikwati (xi-svi).
pão s. m. xikwati (xi-svi).
paisagem s. f. xikwati (xi-svi).
paisano adj. & s. m. mutirhisi (mu-va).
paixão s. f. xikwati (xi-svi).
palácio s. m. xikwati (xi-svi).
palha s. f. xikwati (xi-svi).
palhaço s. m. mutirhisi (mu-va).
palpitações s. f. pl. kuvula (ku).
"palpitar v. i. kuvula, kuvula."
pálpebra s. f. xikwati (xi-svi).
palpável adj. -a xikwati loc. adj.
"palpar v. t. kuvula, kuvula."
pântano s. m. xikwati (xi-svi).
pato s. m. xikwati (xi-svi).
patada s. f. xikwati (xi-svi).
pata s. f. xikwati (xi-svi).
"patear v. t. kuvula, kuvula."
pavor s. m. xikwati (xi-svi).
"prego s. m. a) (prego de metal) muxomana (mu-mi), xikhobvo (xi-svi), xikwama (xi-svi), xigodo (xi-svi), xiyendzela (xi-svi), nkhuva (mu-mi), xikwati (xi-svi). b) (prego de pau) mhinga (yi-ti). [of esta-ca]. b) (pessoa que nao sabe nadar) xihloka (xi-svi). (fig.) [of: machado]. c) (sanduiche de bife de carne bovina) mumanyiso (wa bifi)"
preguear v. t. (fazer pregas em) kuxoxova v. t.
"preguiça s. f. a) kuldloha, vulolo, vulovha (vu). b) (indolencia) gomé (ri-ma), kudamba, kutsana (a)."
"preguiçoso 1. adj. -a vulolo, -a kuldloha loc. adj. 2. s. m. lolo, lovha (ri-ma), mulolohi (mu-va)."
"prejudicado adj. & s. m. muwonheliwa, mughitiwa, mukhuvaziwa; muwonheliwa (mu-va)."
"prejudicador adj. & s. m. muwonheli, mughiti, mukhivazi (mu-va)."
"prejudicar v. t. kuwonhela 2 apl, kughita, | kughida, kukhavaza, kuwonha, kumoxa (A) -mors."
prejudicial adj. -a kub.
"prejudicial adj. -a kubiha, -a kuwónha, -a kuvanga kuwonhékéliwa, -a kukhuvaza loc. adj."
"prejuízo s. m. kuwénhékéliwa (ku), mughito, mukhivazu (mu-mi), kébra (ri-ma) (P)."
"preliminar 1. adj. (prévio, preambular) -a kurhanga loc. adj. 2. s. m. (preâmbulo; prefácio) xivikó, xibuké (xi-svi), rito ra kurhanga (ri-ma). 3. s. f. (condição prévia) masungulu (ma)."
prélio s. m. yimpi | nyimpi (yi-ti); mpalisanu (mu-mi).
"prelo s. m. xikhandlu | xikandlu, xikandziyisi (xi-svi). [no prelo]: kukhandlisiweni, kukandziyisiweni (ku)."
"prematuro 1. adj. -a kurhangéla nkarhi, -a kurhangéla nkama loc. adj. 2. s. m. (criança prematura) matlilana (mu-va). [alcunha dada a uma criança prematura]: xijumana (xi-svi)."
