word,value
uma,1721728
está,1560804
do,1326397
os,1152823
isso,1059554
da,1023418
na,769683
foi,632389
estou,613532
vamos,610796
vai,581657
tem,550585
minha,510412
ser,505828
ao,493170
tenho,489679
vou,482399
sei,464329
porque,420943
estás,415214
sou,356720
quero,353642
sua,341840
pode,336746
disse,308087
eles,307179
estava,304455
esta,303931
todos,302777
posso,292576
dos,292390
temos,284748
este,279667
acho,261756
tens,259203
tua,245313
obrigado,235731
certo,227682
estamos,212978
sabe,206097
olá,198790
anos,197940
sabes,191983
ti,189671
dele,186355
alguma,185743
das,184180
parece,180766
sr,179648
boa,178679
vais,178199
faz,174067
queres,169360
diz,163022
pessoas,159461
tipo,150708
oh,142958
outra,140265
podes,135329
podemos,129288
pela,128082
deve,126628
daqui,126203
olha,125566
disso,123036
toda,122246
meus,120397
seja,117458
num,117330
nossa,112395
queria,111055
dá,110108
seus,108241
dela,107016
têm,106843
passa,102699
embora,102335
aconteceu,99829
deixa,99655
vem,97774
nas,97697
pensar,95672
vezes,94545
numa,92607
todas,92352
vi,91351
aos,90930
porquê,86119
desculpe,85563
obrigada,84629
querida,84464
sinto,83910
pensei,81957
los,81556
homens,80979
dias,80651
sabia,80519
fui,80460
uns,79216
podem,77493
fica,76107
achas,75922
somos,75501
horas,75039
suas,71198
tenha,70687
amigos,70685
precisa,70482
fiz,70393
deles,70207
ia,69763
devia,69591
minutos,68921
foram,68397
si,68234
diga,67026
podia,66725
seria,66698
outros,66057
fosse,64557
lhes,63423
sido,61035
minhas,61012
aquela,60731
primeira,59210
deixe,59077
precisamos,57769
espero,57505
tive,57347
olhos,57217
vejo,56813
acabou,56448
desta,56429
estes,55953
neste,55106
for,54591
dr,53019
ouve,52853
estas,52593
querem,52329
filha,51928
juntos,51640
teus,51432
umas,50653
última,50378
acredito,50039
nossos,49859
ouvi,49410
deu,49362
disto,49210
algumas,48860
poderia,48541
digo,48315
nisso,47899
viu,47084
espere,46559
mesma,46463
deste,46022
problemas,45852
importa,45354
disseste,45057
significa,44843
sabem,44580
havia,43755
sai,43698
teve,43620
nenhuma,43364
chega,43105
rapazes,43062
fizeste,42626
morreu,42393
sabemos,42145
meses,41648
mulheres,41289
devo,40560
sra,40293
pergunta,40287
eram,40243
fazes,40131
porra,40093
olhe,40061
muitas,39658
filhos,39068
fazendo,38585
muitos,38573
teria,38244
elas,38144
venha,38093
muita,37722
pena,37628
gosta,37576
nesta,37446
vindo,37338
tivesse,37072
vossa,36599
pensa,36555
gostaria,36387
sente,36006
essas,35945
estavam,35322
plano,35218
esses,35108
dizem,34963
falta,34886
fazem,34481
devias,34310
matou,34291
nossas,34142
foste,34094
adoro,33955
exactamente,33897
tuas,33792
consegue,33433
possa,33277
fique,33118
passou,32994
pelos,32657
ficou,32647
continua,32525
estavas,32302
precisas,32035
outras,31974
deixou,31745
semanas,31603
chegou,31470
fico,31343
lembro,31130
esteja,30928
perguntar,30865
cala,30469
houve,30393
partir,30387
deveria,30224
existe,29932
boas,29861
quiser,29704
pare,29685
quis,29527
viste,29308
lembra,29240
estive,29099
conhece,28783
las,28650
vim,28338
encontrei,28333
raios,28203
aqueles,28048
consegues,27848
devem,27646
gostava,27515
queremos,27414
linda,27406
peço,27322
acontece,27218
trouxe,27150
esteve,27135
pequena,27124
fazemos,26903
achei,26427
mortos,26234
grandes,25934
connosco,25698
deves,25607
veja,25477
entra,25431
entendo,25188
nave,24996
certa,24886
dou,24787
lembras,24720
devemos,24654
disseram,24176
preocupes,24175
perguntas,24147
interessa,24138
palavras,23874
senhores,23830
falando,23758
notícias,23752
acabei,23708
estiver,23684
tinhas,23449
fizeram,23283
faria,23189
consegui,22907
nessa,22836
gostas,22828
bonita,22788
real,22708
completamente,22692
dessa,22537
pelas,22441
segunda,22236
acredita,22214
quiseres,22206
daí,22191
desse,21946
viva,21943
tipos,21844
dizes,21839
deixem,21730
melhores,21663
fundo,21559
faças,21484
segundos,21460
nesse,21400
vale,21398
fixe,21373
nele,21135
quantos,21078
tinham,20932
dei,20856
pensas,20854
fiquei,20848
esperem,20828
creio,20698
bons,20653
saiu,20568
conseguiu,20504
pensava,20465
levou,20449
iria,20404
estivesse,20363
sozinha,20281
olhem,19863
falou,19848
namorada,19838
abre,19743
volto,19733
banco,19676
fazia,19664
parem,19383
morta,19381
coronel,19357
prometo,19354
presente,19324
tempos,19271
fomos,19236
trata,19039
simplesmente,19004
senhoras,18752
soube,18653
destino,18602
ordens,18520
chamo,18315
pediu,18303
perdi,18236
indo,18198
ouviste,18193
diabos,18191
conseguimos,18090
imediatamente,18012
bolas,17893
voltou,17882
esquece,17862
saiam,17853
tenente,17812
funciona,17792
bela,17763
percebo,17687
falei,17614
regras,17575
odeio,17534
fizemos,17519
precisam,17507
sargento,17497
trabalha,17459
vidas,17420
digas,17394
preocupe,17390
provas,17294
tentei,17199
deixei,17175
piada,17133
venham,16999
podias,16963
ouviu,16956
tivemos,16953
acaba,16938
encontrou,16922
tá,16877
tenham,16841
desculpem,16838
perigo,16832
percebi,16794
tenhas,16788
vejam,16783
eras,16762
senta,16714
vêm,16504
apartamento,16463
conheci,16450
tiver,16421
velha,16367
naquela,16351
parecia,16330
controlo,16290
segura,16275
conheces,16272
compreendo,16254
teres,16244
senti,16214
ajude,16205
prontos,16186
diria,16088
traz,16077
sabias,15873
fale,15860
quantas,15847
larga,15786
perdeu,15758
delas,15743
sendo,15736
sentes,15632
vive,15547
tenta,15510
naquele,15463
perigoso,15450
estaria,15429
cerca,15426
metros,15395
pudesse,15392
pronta,15373
usa,15348
animais,15237
sejas,15165
basta,15107
levanta,15067
mandou,14984
volte,14904
vítima,14774
quais,14724
deixá,14636
destes,14626
tentando,14625
ex,14598
manda,14570
alvo,14492
humanos,14480
acham,14475
tanta,14471
dizendo,14461
diferentes,14417
super,14402
vossos,14367
desapareceu,14349
estarei,14310
tentou,14265
passei,14205
aquelas,14164
parecem,14137
precisava,13937
pareces,13831
corre,13729
farei,13679
livros,13663
rádio,13624
pernas,13601
contou,13583
existem,13557
querias,13507
principal,13369
foto,13359
sonhos,13357
dra,13335
saiba,13326
carros,13325
destas,13260
oficial,13255
raparigas,13230
cor,13217
entrou,13164
drogas,13163
mudou,13063
irei,13047
sejam,13029
percebes,12992
ficas,12981
fiquem,12971
justo,12881
viram,12860
dum,12857
conhecê,12851
planos,12826
esqueci,12817
buraco,12808
ligou,12805
meninas,12785
fotos,12752
risco,12749
encontrá,12725
dizia,12672
dessas,12656
estiveste,12632
nomes,12619
vossas,12617
cartas,12544
chaves,12542
nela,12524
pega,12489
queira,12466
dentes,12457
tiveste,12412
dado,12403
ficam,12312
teremos,12263
tire,12256
lidar,12220
papai,12168
gostei,12159
ias,12155
ideias,12143
saudades,12135
esperava,12129
serve,12116
matei,12067
preocupado,12055
novos,12052
dados,12034
sapatos,12011
suponho,11955
caiu,11950
roupas,11944
ocupado,11929
chamas,11917
ponha,11881
chamam,11854
paris,11847
levo,11809
pensando,11755
soldados,11717
tornou,11678
termos,11622
noites,11615
desses,11598
deram,11583
daquele,11547
falamos,11525
pense,11517
continue,11482
americanos,11450
caramba,11395
novas,11392
agentes,11390
come,11342
mexam,11235
entende,11219
vens,11171
caras,11164
abra,11162
daquela,11126
filmes,11111
ficará,11109
branca,11081
encontra,11044
acontecendo,11036
errada,11033
cheguei,11027
desculpas,11018
duma,11007
tome,11003
ido,10973
lugares,10972
terei,10915
escute,10887
li,10865
serei,10863
ligo,10842
seres,10841
tia,10811
vendo,10744
princesa,10726
aguenta,10718
costumava,10697
encontraram,10686
torna,10683
gostam,10603
vindos,10599
puder,10597
xerife,10576
vimos,10575
verdadeira,10561
tente,10542
perdemos,10460
porreiro,10420
deviam,10401
morre,10394
forças,10360
luzes,10348
falas,10337
conseguiste,10336
portas,10329
ligue,10315
pegue,10307
apanhei,10304
apareceu,10296
pontos,10283
infelizmente,10278
pensam,10274
longa,10251
tido,10197
cadeia,10180
prefiro,10175
humana,10161
andado,10157
correu,10151
estrelas,10148
velhos,10108
vieram,10096
conhecemos,10088
acorda,9986
terem,9975
várias,9970
unidos,9955
auto,9915
dedos,9898
conseguia,9897
flores,9864
levem,9848
estados,9827
normalmente,9816
vieste,9812
milhares,9795
mo,9794
conseguem,9784
ficamos,9776
dás,9774
acordar,9772
histórias,9754
encontrado,9719
afasta,9669
segue,9649
aulas,9619
mexe,9611
chame,9604
gay,9578
deixes,9577
estranha,9570
especialmente,9565
venho,9549
esperando,9537
deixo,9531
inteira,9524
perfeita,9514
possamos,9488
cavalheiros,9464
corte,9455
serem,9440
cale,9392
oeste,9385
atacar,9383
felizes,9345
ando,9335
encontramos,9317
chamou,9313
idiotas,9299
pensou,9282
tirem,9262
andando,9260
sinais,9239
jovens,9223
cheira,9207
clientes,9205
jogos,9189
roubou,9187
morreram,9175
corpos,9163
queiras,9107
tantas,9100
recebi,9079
sexta,9067
traga,9058
pede,9053
fonte,9045
militar,9028
lisa,9017
soubesse,9015
major,8988
colega,8983
vítimas,8975
entendi,8935
meninos,8925
oferecer,8870
partido,8863
disser,8834
sentado,8773
vivos,8770
maldita,8759
visitar,8753
acreditas,8732
faremos,8730
deixado,8699
ouvidos,8694
ajudem,8687
tiveram,8684
polícias,8672
escreveu,8635
deuses,8630
importo,8621
pequenos,8617
ruas,8606
confia,8605
interior,8602
obviamente,8599
depende,8582
conhecia,8570
iremos,8565
pude,8564
achou,8545
descobri,8542
digam,8536
comecei,8527
viemos,8514
cavalos,8505
crer,8492
acredite,8449
poderes,8428
merdas,8393
tirou,8351
testes,8312
feita,8309
bocadinho,8302
rapidamente,8295
maiores,8251
momentos,8196
acalma,8193
vemos,8170
treta,8153
importas,8146
tivesses,8146
guardas,8138
deixaste,8134
acabaram,8132
procurando,8102
entendes,8096
poucos,8094
deseja,8081
mataram,8058
mano,8057
pertence,8057
dera,8023
iam,8013
daqueles,8003
comprei,7995
fizer,7990
segredos,7987
ganha,7984
senador,7984
limpa,7971
arranja,7952
notas,7945
descobriu,7944
dava,7931
ovos,7909
interessado,7881
antiga,7880
tantos,7876
pessoalmente,7873
passaram,7865
perguntei,7852
concordo,7844
andam,7843
aparece,7840
andava,7834
sentem,7813
instante,7813
tendo,7805
balas,7800
costa,7794
fotografias,7790
vitória,7776
podiam,7768
inimigos,7765
mandei,7760
despacha,7755
fugiu,7744
merece,7742
oferta,7734
voltas,7730
estejam,7728
tragam,7726
ganhou,7720
ficaria,7718
tretas,7715
detesto,7712
direitos,7686
encontrámos,7684
mete,7679
quisesse,7676
mate,7670
responde,7652
razões,7628
giro,7625
voltei,7603
vira,7599
chegaram,7598
fecha,7590
estejas,7581
levaram,7581
objectivo,7576
conhecem,7557
mantenha,7550
casos,7550
primo,7530
solta,7515
mataste,7511
respostas,7509
frança,7479
entrem,7434
aparentemente,7429
bate,7380
afastem,7379
encontraste,7376
salvou,7333
queriam,7320
rock,7311
pro,7309
pegou,7303
pareceu,7299
médica,7297
maus,7280
acabaste,7270
resta,7262
haja,7253
voltem,7197
desaparece,7167
centenas,7165
acontecido,7155
apanhou,7151
resultados,7124
fossem,7119
ouviram,7107
loucos,7107
fosses,7099
lembre,7096
conte,7095
percebe,7089
mexa,7076
perfeitamente,7074
usou,7069
preocupada,7066
estaremos,7057
adam,7057
corta,7054
ossos,7051
secretária,7048
ultimamente,7047
presos,7042
terceira,7006
adora,7000
decidi,6983
assuntos,6981
amava,6980
entendeu,6974
negra,6964
truque,6957
membros,6953
deixaram,6938
imagino,6928
compras,6921
pequenas,6918
sara,6917
abram,6892
importantes,6875
pergunto,6863
malas,6849
falam,6832
fechado,6825
usando,6818
lixe,6814
confio,6811
saí,6798
agarra,6794
erros,6768
contei,6759
mande,6737
fortes,6733
vejamos,6724
preocupa,6720
adorava,6712
aceito,6709
últimas,6703
irmos,6687
dorme,6686
perguntou,6682
houver,6678
recebeu,6666
ponham,6659
primeiros,6646
quiserem,6645
carteira,6644
ficaram,6642
enfermeira,6630
policial,6629
deixam,6628
convosco,6625
partiu,6625
enviou,6596
ajudou,6586
der,6581
preparem,6575
digamos,6573
obra,6573
usá,6562
detalhes,6562
morrido,6560
bebidas,6560
dura,6551
obter,6551
penses,6550
maravilhosa,6524
largue,6519
especiais,6495
show,6484
fizesse,6469
americana,6450
chegue,6444
aprendi,6441
liceu,6439
máquinas,6435
explica,6429
venda,6428
mesmos,6402
duvido,6386
escadas,6371
pensado,6362
liguei,6357
chegamos,6338
parou,6330
impressionante,6325
soa,6325
esperamos,6324
responda,6323
gajos,6309
anti,6302
mostre,6290
tiros,6289
sarilhos,6266
mentiras,6254
amas,6213
continuem,6213
perdeste,6212
amigas,6211
achamos,6210
chamadas,6209
imagens,6197
jornais,6196
afaste,6193
parado,6191
vermelha,6184
faltam,6184
voltamos,6167
virá,6166
garanto,6161
ensinou,6134
terminou,6133
peguei,6130
brincando,6130
testemunhas,6110
nasceu,6104
comprou,6104
sozinhos,6102
mantenham,6098
judeus,6077
bateu,6071
deixas,6065
olhando,6058
peças,6040
fiques,6038
pensaste,6033
gostou,6032
postos,6026
sigam,6025
federal,6020
legendas,6020
chamava,6016
siga,5976
temo,5975
puto,5974
odeia,5974
decidiu,5969
vivem,5966
ganhei,5960
salva,5952
trabalhava,5948
cansada,5948
completa,5944
bombas,5942
iguais,5935
ficado,5928
atira,5926
necessidade,5922
sede,5922
assassinos,5920
crimes,5917
directamente,5902
suficientemente,5898
possam,5881
percebeste,5864
quartos,5864
canto,5862
sentia,5855
escondido,5851
procuro,5841
levei,5841
bilhetes,5836
marcas,5834
aceita,5813
mexas,5806
negros,5805
garotas,5803
certas,5796
imagina,5795
tirei,5773
puxa,5753
matem,5748
cego,5747
entrei,5746
convidado,5744
ficava,5744
montanhas,5744
trabalhos,5742
trabalhando,5733
sabiam,5725
presentes,5715
saio,5705
dando,5673
paredes,5671
ires,5664
pergunte,5659
locais,5639
pedras,5607
estivemos,5606
consiga,5601
possas,5599
roubado,5593
usam,5583
relaxa,5572
coloque,5569
partam,5565
lados,5564
dores,5564
adivinhar,5559
tropas,5548
estiveres,5548
estranhos,5544
leis,5536
mora,5533
pensamentos,5526
mensagens,5526
encontre,5519
brancos,5519
incluindo,5516
haveria,5516
saibas,5508
vindas,5502
disco,5501
pacientes,5496
chegámos,5487
feitos,5487
fechada,5481
papéis,5474
escolheu,5464
conheceu,5462
desliga,5459
documentos,5454
maluca,5452
veremos,5448
tomou,5441
acabámos,5432
sobe,5399
digitais,5394
livres,5393
joelhos,5388
registos,5386
falaste,5363
sabendo,5359
ocupada,5359
continuas,5346
comece,5345
vires,5343
professora,5335
desaparecido,5332
atirou,5322
danos,5321
segui,5310
trouxeste,5310
formas,5279
alunos,5268
acabamos,5262
diamantes,5254
acabo,5254
estares,5247
convidados,5239
esqueceu,5234
basicamente,5232
respira,5224
daquelas,5221
milhas,5218
atingido,5217
chateado,5196
achava,5196
prepara,5190
antigos,5189
pensamos,5187
quarta,5185
seguros,5181
colocou,5176
mamas,5173
tomei,5172
prisioneiros,5171
sinceramente,5168
terroristas,5165
cai,5161
aguento,5159
hum,5158
prometi,5155
sistemas,5154
russos,5153
pizza,5152
casada,5149
use,5148
daquilo,5128
fantasmas,5115
naves,5105
linhas,5103
oceano,5102
fores,5097
Jean,5096
graus,5094
unidades,5090
passamos,5077
tiveres,5075
acreditam,5072
escrevi,5064
estiveram,5064
toques,5062
passam,5060
oficiais,5060
sugiro,5054
damos,5053
permite,5052
repito,5042
escreve,5039
espectacular,5038
ricos,5036
voltarei,5029
nuclear,5023
perdoe,5021
arranjaste,5021
conseguiram,5011
falava,5009
tenhamos,5005
seremos,5001
criou,4958
vizinhos,4957
batatas,4948
dispara,4946
facilmente,4945
fundos,4942
legendagem,4933
claramente,4923
passos,4919
juntas,4909
arranjou,4905
despedido,4905
fales,4902
poderiam,4899
praticamente,4898
virem,4893
ficarei,4883
levam,4879
ambas,4874
mudei,4869
preferia,4859
pagou,4851
apresento,4840
caixas,4839
botas,4839
chato,4835
tivessem,4834
vire,4834
advogados,4819
dúvidas,4818
chegarmos,4817
forem,4814
mortes,4810
vivemos,4807
perde,4806
cole,4802
doentes,4800
percebeu,4797
acalme,4794
cave,4787
preparados,4781
meteu,4779
aproxima,4775
malditos,4765
daria,4764
ficaste,4746
presumo,4737
pobres,4734
noutro,4728
chegaste,4693
adoraria,4687
morrem,4679
capazes,4674
fria,4669
joga,4668
dissesse,4659
comeu,4647
coloca,4642
falámos,4640
normais,4636
estacionamento,4632
neles,4626
lorde,4626
aliás,4624
gira,4621
piores,4620
ouvindo,4617
chamamos,4617
extremamente,4613
abriu,4612
deva,4604
adivinha,4602
asas,4600
matam,4589
ficando,4587
limites,4587
cuida,4569
visitas,4566
janelas,4564
criaturas,4563
foge,4563
observar,4557
estiverem,4554
falado,4549
chegado,4533
terrorista,4531
esconde,4530
apetece,4517
militares,4515
mentiu,4512
fazeres,4510
mostrou,4509
doida,4505
anteriormente,4504
terras,4504
agrada,4494
traseiras,4493
doces,4491
bebés,4491
poucas,4488
vampiros,4487
funcionou,4481
genial,4478
lata,4478
molho,4471
exames,4466
escolhe,4466
pistas,4464
ena,4461
ouvimos,4461
olhes,4450
continuam,4445
criminosos,4444
almas,4429
segure,4412
levantem,4408
ratos,4402
lembrem,4399
levas,4384
mesmas,4371
telefonou,4357
pura,4355
ataques,4347
atende,4345
nervosa,4343
trabalhou,4340
entregue,4338
empregada,4332
casados,4329
cigarros,4322
perdida,4316
arranjei,4312
poderemos,4310
impostos,4295
campos,4291
recebemos,4289
feitas,4285
matado,4280
circunstâncias,4278
andei,4277
sentiu,4271
comprimidos,4270
escutem,4268
atrasada,4262
telefona,4258
cuecas,4252
cenas,4246
nestas,4246
promete,4244
compreende,4242
pôde,4240
ponho,4237
nasci,4234
està,4218
sinta,4216
trabalhas,4213
voltará,4210
noutra,4205
procuramos,4203
venhas,4202
tentado,4194
ouves,4191
motivos,4183
quilos,4179
prima,4177
zangada,4173
prometeu,4172
escapou,4172
gostamos,4170
ripadas,4168
inocentes,4162
peixes,4161
factos,4156
incomoda,4151
apanhem,4145
ajudo,4143
garotos,4139
almirante,4139
direi,4138
contaste,4138
assustada,4137
perigosa,4136
bonitas,4135
preparada,4130
corram,4130
deita,4126
cidades,4124
trabalhei,4122
teriam,4119
pessoais,4118
seriam,4114
ondas,4113
apontar,4102
compromisso,4100
andou,4093
banheiro,4091
incidente,4090
pasta,4087
bancos,4086
irás,4083
ciúmes,4083
psiquiatra,4083
doutora,4080
cargo,4078
comi,4077
mandaram,4077
vampiro,4074
saindo,4072
pagam,4071
sermos,4068
chamem,4067
autoridades,4065
nestes,4061
macacos,4060
ocorreu,4057
adoram,4042
espacial,4041
precisares,4031
solte,4031
pares,4018
recebe,4016
sincronia,4009
acordei,4001
ta,3998
computadores,3994
apaixonada,3992
pouca,3990
lho,3989
recebido,3980
sobretudo,3979
mostro,3973
civis,3971
igualmente,3969
suspeitos,3965
rodas,3954
certos,3951
escravos,3944
trabalham,3938
suficientes,3937
gatilho,3934
chamei,3930
ficares,3924
disparem,3922
reais,3921
secretos,3921
medicamentos,3919
voltaste,3917
salta,3917
sumo,3906
salvá,3905
usei,3902
larguem,3896
controla,3893
poderei,3887
saberia,3885
arquivos,3882
uniforme,3882
mortas,3879
assassinado,3866
passando,3863
descobre,3860
passas,3860
demos,3858
pública,3858
chegando,3849
concerto,3848
oficialmente,3845
anjos,3845
chegam,3844
deixando,3840
houvesse,3840
águas,3839
presta,3836
gatos,3823
internacional,3822
compreendes,3821
apostas,3819
estarmos,3814
atrasados,3813
tentaram,3810
corra,3806
pila,3805
possivelmente,3804
esperam,3804
fatos,3802
pedimos,3800
temporada,3795
mudaram,3791
altamente,3788
sincronizadas,3788
goste,3781
costuma,3781
esqueceste,3776
descobrimos,3766
perdoa,3764
julguei,3763
meias,3761
ladrões,3761
diverte,3759
apanharam,3758
feia,3758
fizeres,3751
dizemos,3745
vistos,3745
confie,3744
vende,3743
passageiros,3739
passava,3730
leia,3724
libras,3723
iá,3718
piano,3710
barcos,3706
gostavas,3698
vivia,3691
adultos,3688
avisei,3686
atacou,3686
perderam,3683
encontrarmos,3683
pensem,3675
estranhas,3669
estivesses,3667
abertos,3667
esperta,3667
precisamente,3663
atire,3654
casou,3653
desce,3651
copos,3646
cientistas,3646
dali,3644
adorei,3632
fazerem,3631
importar,3625
termina,3619
estudantes,3615
deveriam,3615
jogadores,3609
equipas,3607
mm,3606
acontecerá,3604
dormi,3600
interessada,3599
mentes,3592
perdidos,3592
dada,3591
abri,3590
falsa,3589
feche,3586
entraram,3585
trouxeram,3583
tivermos,3583
menti,3580
pediste,3579
excitante,3579
convidou,3578
estarem,3573
viagens,3571
deixamos,3569
espanhol,3568
farta,3568
valha,3565
mijar,3563
ofereceu,3563
olhou,3556
renda,3554
imensa,3549
acontecem,3543
impacto,3543
passaste,3542
passámos,3538
principalmente,3532
potencial,3520
testar,3518
protege,3514
filhas,3511
gorda,3510
sentada,3510
saibam,3510
motel,3507
primeiras,3504
sacos,3504
efeitos,3499
disparou,3496
imaginei,3493
continuamos,3490
brinquedos,3486
resultou,3485
faziam,3473
localizar,3472
circo,3471
formos,3471
duche,3469
deverias,3467
tocou,3467
nina,3466
riscos,3463
souber,3462
empregados,3462
voltaram,3461
porcos,3457
rica,3455
celular,3454
monstros,3454
esperei,3453
voltes,3447
percebido,3441
dizeres,3440
apanho,3440
explosivos,3440
usava,3437
trazido,3437
tecnicamente,3432
podermos,3429
baixem,3429
peguem,3425
terias,3425
visual,3421
plantas,3418
acreditava,3417
termo,3417
roubaram,3410
cuide,3410
serena,3407
tentamos,3404
devesse,3404
nua,3404
andamos,3403
decide,3398
caridade,3396
encontrem,3394
vazia,3389
orgulhosa,3387
lixado,3385
acabe,3383
poderosa,3383
pego,3381
votos,3379
perfil,3378
apanhaste,3361
propriamente,3359
sentindo,3354
unhas,3354
doidos,3354
chateada,3352
cerebral,3349
ferramentas,3347
morra,3339
amostras,3338
estudos,3335
franceses,3333
deixarei,3330
páginas,3330
roubei,3325
conseguirmos,3323
novidades,3314
sobreviventes,3312
cores,3312
escolhi,3309
truques,3305
professores,3304
coordenadas,3299
sentimos,3298
puseram,3297
colocá,3294
mudam,3294
sairmos,3290
sofreu,3289
grupos,3286
poderias,3283
acabam,3280
francamente,3279
vingar,3277
protegê,3275
custar,3273
relacionamento,3273
verdadeiros,3270
trabalhamos,3269
dirige,3266
sintomas,3264
assusta,3261
felizmente,3261
valeu,3259
azuis,3258
vives,3255
preferido,3248
custou,3242
nascido,3236
sois,3236
ficheiros,3235
respondeu,3233
aprendeu,3233
pecados,3232
representa,3231
curta,3228
olhei,3227
solar,3225
paguei,3222
telefones,3219
cortou,3218
motores,3217
feridos,3215
sejamos,3213
naturalmente,3213
lindas,3212
tiraram,3212
enganou,3206
comem,3206
colar,3206
reparar,3205
prepare,3204
irem,3202
buracos,3198
lembrei,3196
desapareceram,3192
reparei,3191
permita,3190
telefono,3187
farias,3186
cumprimentos,3182
causou,3181
minas,3180
favorita,3180
relaxe,3178
traficante,3174
encontram,3173
repara,3173
importam,3172
funcionam,3171
vozes,3167
saem,3166
chip,3165
ficarmos,3161
sexuais,3160
conseguido,3159
falhou,3155
literalmente,3154
morrendo,3152
moedas,3152
ão,3151
casino,3150
canta,3148
prefere,3147
devolve,3147
tirando,3146
tiroteio,3146
desejos,3145
darei,3143
policiais,3139
esperas,3135
descoberta,3134
desligue,3131
conduz,3128
chegarem,3128
piadas,3126
conde,3125
enterrado,3123
contratou,3121
orelhas,3117
sentados,3117
julgas,3116
conversas,3109
tiverem,3107
mísseis,3106
empresas,3104
gritos,3104
entramos,3103
japoneses,3101
absoluta,3092
servem,3091
altos,3089
honestamente,3089
envia,3088
puseste,3087
lembram,3086
cavaleiros,3079
movimentos,3079
tais,3079
decidimos,3077
quentes,3074
medidas,3071
gostaste,3071
letras,3071
refiro,3068
feridas,3067
bebo,3067
preocupem,3060
inconsciente,3056
vendeu,3055
cometeu,3055
guerreiros,3053
havendo,3051
segurem,3046
admira,3045
virou,3044
calem,3044
conselhos,3043
conhecida,3043
ficheiro,3043
profissionais,3039
indica,3039
fadas,3036
companheiros,3035
experimenta,3032
procurei,3032
quietos,3029
privacidade,3028
ande,3027
sombras,3026
prioridade,3026
contado,3020
refere,3017
dormindo,3016
radar,3015
saias,3014
beija,3014
vier,3014
séria,3011
acreditamos,3011
deixares,3011
parecida,3007
rumores,3004
arrepender,3001
coloquei,3000
pesada,2998
conseguires,2993
andaste,2992
sobreviveu,2991
pretende,2986
visse,2984
namorados,2983
sue,2983
quieta,2981
russa,2981
gaja,2980
matando,2977
avisa,2976
planeado,2975
eventos,2973
pormenores,2964
usamos,2960
voltares,2959
conheceste,2958
levará,2946
ingleses,2945
fechados,2945
alvos,2943
velas,2940
voltado,2939
mereces,2933
miolos,2930
velhas,2927
viria,2924
pudesses,2919
descobriram,2917
bombeiros,2916
voltarmos,2916
acreditei,2915
deixava,2913
suba,2912
pedindo,2911
selvagens,2909
acontecesse,2908
viesse,2904
cheios,2901
verdadeiramente,2894
ganhaste,2891
bandidos,2890
nuvens,2889
desenhos,2886
ficarem,2882
destruiu,2880
falaram,2877
lentamente,2873
tarte,2865
estais,2862
trate,2860
produtos,2857
líderes,2855
basebol,2854
aceitou,2853
sensores,2852
imagine,2851
cresceu,2848
leves,2847
interna,2845
cometi,2839
comecem,2838
levando,2836
iriam,2836
deverá,2835
importava,2834
duque,2833
levamos,2832
entro,2831
pediram,2831
correndo,2829
cabelos,2828
voltaremos,2826
procuram,2826
bruxas,2824
encontros,2819
despachem,2817
fontes,2816
famosa,2815
terminei,2812
torres,2810
antigas,2809
deixaria,2806
metas,2806
chineses,2805
armados,2804
tás,2804
dormiu,2802
precise,2798
acordou,2798
caminhos,2798
ficasse,2798
interesses,2796
recebo,2796
ficaremos,2791
reconhece,2791
aprende,2789
delta,2789
objecto,2788
fazermos,2787
pretos,2787
salvei,2787
pratos,2787
federais,2785
queiram,2784
enormes,2784
suja,2781
considera,2781
admito,2778
escolas,2777
protocolo,2775
naquilo,2769
usada,2768
odiar,2766
fabuloso,2763
acertou,2763
ofensa,2762
cowboy,2762
cervejas,2762
artes,2760
conseguiria,2756
dana,2756
beba,2755
pesadelos,2753
atirem,2752
preocupo,2751
moto,2750
procure,2750
nessas,2746
viveu,2743
entram,2741
familiares,2739
tiraste,2738
puderes,2737
lindos,2733
cuidados,2730
acordada,2729
vestidos,2728
divertida,2725
fraca,2724
verifica,2719
profundamente,2716
dissemos,2714
traiu,2714
perfume,2713
rebeldes,2713
francesa,2712
folhas,2711
concentra,2711
trabalhadores,2710
finais,2709
estivessem,2707
apresenta,2705
abaixe,2704
andares,2704
bingo,2699
obrigar,2699
julga,2697
cópias,2697
seguiu,2695
atingiu,2694
escuto,2693
julgo,2692
resulta,2691
abandonou,2689
florida,2688
discos,2686
chegará,2684
roubaste,2681
esperemos,2681
baixas,2677
descobriste,2675
queridos,2674
site,2668
sonhei,2665
habilidades,2664
tiras,2664
durmo,2663
chego,2657
merecem,2657
separados,2655
chamaram,2653
tentaste,2651
divirtam,2650
levava,2647
haviam,2645
necessidades,2643
pilotos,2643
perdê,2641
procuras,2641
voltam,2640
traduzido,2640
preocupados,2638
prometeste,2633
sugere,2632
recordo,2632
bonitos,2631
andem,2626
cordas,2626
lojas,2623
biscoitos,2623
possibilidades,2622
preta,2620
voa,2619
malucos,2612
arranje,2608
meteste,2597
curtis,2596
eventualmente,2596
algemas,2590
escolhas,2590
perdendo,2589
impressionado,2588
chinesa,2587
nesses,2585
rosas,2585
navios,2581
chamaste,2579
cachorros,2578
mude,2578
quiseste,2578
barbara,2577
impedi,2575
pegamos,2575
zoe,2574
escudos,2571
transformou,2568
capacidades,2566
salvaste,2566
percebem,2564
permitido,2564
estradas,2563
tornado,2562
revistas,2561
cresci,2560
fizermos,2560
bata,2560
amei,2559
